loan_id,account_id,amount,duration,payments,status,loan_date
4959,2,80952.0,24,3373.0,A,1994-01-05
4961,19,30276.0,12,2523.0,B,1996-04-29
4962,25,30276.0,12,2523.0,A,1997-12-08
4967,37,318480.0,60,5308.0,D,1998-10-14
4968,38,110736.0,48,2307.0,C,1998-04-19
4973,67,165960.0,24,6915.0,A,1996-05-02
4986,97,102876.0,12,8573.0,A,1997-08-10
4988,103,265320.0,36,7370.0,D,1997-12-06
4989,105,352704.0,48,7348.0,C,1998-12-05
4990,110,162576.0,36,4516.0,C,1997-09-08
4996,132,88440.0,12,7370.0,A,1996-11-06
5002,173,104808.0,12,8734.0,A,1994-05-31
5005,176,27456.0,12,2288.0,A,1997-04-10
5015,226,109344.0,12,9112.0,C,1998-07-12
5027,276,160920.0,36,4470.0,C,1998-12-02
5032,290,123696.0,48,2577.0,A,1994-11-03
5034,303,112752.0,36,3132.0,C,1998-05-30
5036,309,91248.0,48,1901.0,C,1998-11-25
5039,314,66840.0,24,2785.0,C,1997-05-03
5041,319,369000.0,60,6150.0,C,1997-07-11
5042,330,331584.0,48,6908.0,C,1998-07-12
5043,339,468060.0,60,7801.0,C,1997-12-25
5044,344,100980.0,60,1683.0,C,1994-12-21
5045,347,187224.0,24,7801.0,B,1995-05-01
5046,349,42816.0,12,3568.0,C,1998-09-09
5051,378,230400.0,60,3840.0,C,1997-10-11
5060,426,252060.0,60,4201.0,D,1994-07-19
5061,440,84288.0,48,1756.0,C,1998-03-13
5063,442,357840.0,48,7455.0,D,1997-07-10
5072,472,196800.0,24,8200.0,D,1997-04-28
5082,501,262980.0,60,4383.0,C,1996-10-24
5086,525,210384.0,48,4383.0,C,1997-07-16
5088,544,91152.0,24,3798.0,A,1996-08-22
5103,666,12540.0,12,1045.0,A,1997-11-28
5110,675,102240.0,60,1704.0,C,1997-04-01
5117,718,76944.0,12,6412.0,A,1997-08-20
5124,785,156096.0,36,4336.0,C,1998-02-12
5125,789,73056.0,48,1522.0,C,1995-11-23
5126,790,208128.0,48,4336.0,B,1994-07-24
5128,808,215616.0,48,4492.0,D,1996-04-11
5130,813,24312.0,12,2026.0,A,1994-05-11
5131,816,48624.0,24,2026.0,A,1995-01-08
5132,817,538500.0,60,8975.0,C,1995-02-17
5134,825,53076.0,12,4423.0,A,1997-02-02
5136,846,187104.0,24,7796.0,A,1996-07-28
5138,854,87216.0,48,1817.0,C,1995-05-30
5140,873,178500.0,60,2975.0,C,1998-02-24
5145,915,309552.0,48,6449.0,C,1995-09-16
5147,938,22260.0,60,371.0,C,1998-05-21
5148,940,284280.0,60,4738.0,C,1996-05-29
5151,960,189060.0,60,3151.0,C,1995-05-24
5154,993,108720.0,60,1812.0,C,1998-07-01
5158,1004,188532.0,36,5237.0,C,1998-04-11
5160,1011,204000.0,60,3400.0,C,1995-12-18
5161,1012,98184.0,24,4091.0,A,1994-10-28
5169,1068,253200.0,60,4220.0,C,1998-09-24
5170,1071,253200.0,60,4220.0,C,1994-01-20
5172,1083,50976.0,36,1416.0,C,1998-04-16
5174,1093,385104.0,48,8023.0,C,1997-06-13
5176,1106,192552.0,24,8023.0,B,1994-11-12
5189,1166,149040.0,48,3105.0,A,1994-02-07
5206,1242,128544.0,24,5356.0,C,1997-09-07
5207,1244,35904.0,48,748.0,C,1997-02-28
5208,1247,99696.0,48,2077.0,D,1995-03-16
5209,1250,182640.0,48,3805.0,C,1996-11-25
5210,1252,148140.0,36,4115.0,C,1997-04-01
5212,1256,71064.0,36,1974.0,A,1995-05-29
5214,1270,74772.0,36,2077.0,C,1997-07-01
5221,1284,52512.0,12,4376.0,C,1998-12-05
5226,1318,185544.0,36,5154.0,C,1998-10-11
5229,1329,23520.0,12,1960.0,A,1997-09-06
5236,1374,389136.0,48,8107.0,C,1997-09-15
5237,1375,45336.0,24,1889.0,A,1995-08-29
5241,1389,125472.0,24,5228.0,C,1998-09-02
5245,1407,125472.0,24,5228.0,C,1998-01-17
5253,1447,100080.0,48,2085.0,C,1997-06-03
5260,1480,123300.0,36,3425.0,C,1998-01-19
5265,1498,165780.0,60,2763.0,C,1998-10-07
5269,1527,164052.0,36,4557.0,B,1994-11-19
5270,1528,191088.0,48,3981.0,C,1997-07-21
5281,1580,194256.0,24,8094.0,C,1997-11-27
5282,1583,388512.0,48,8094.0,D,1996-08-24
5285,1603,78936.0,12,6578.0,A,1994-02-06
5287,1638,64224.0,24,2676.0,C,1998-01-26
5293,1656,189792.0,48,3954.0,C,1998-10-29
5301,1698,141948.0,36,3943.0,C,1996-07-06
5304,1718,172272.0,24,7178.0,C,1998-08-20
5310,1762,248148.0,36,6893.0,A,1995-04-28
5311,1766,30060.0,60,501.0,C,1996-06-15
5312,1772,202788.0,36,5633.0,C,1996-03-13
5313,1776,43200.0,24,1800.0,C,1998-05-27
5314,1787,96396.0,12,8033.0,B,1993-07-05
5316,1801,165960.0,36,4610.0,A,1993-07-11
5318,1808,385584.0,48,8033.0,C,1998-09-30
5319,1811,239460.0,60,3991.0,C,1994-06-23
5320,1819,143676.0,36,3991.0,C,1998-01-11
5325,1843,105804.0,36,2939.0,A,1993-08-03
5329,1862,396120.0,60,6602.0,C,1996-10-16
5332,1869,37944.0,36,1054.0,C,1998-01-29
5334,1876,209040.0,24,8710.0,C,1998-09-10
5337,1886,162468.0,36,4513.0,C,1996-07-31
5338,1888,57360.0,12,4780.0,B,1997-08-30
5343,1906,44952.0,24,1873.0,C,1997-10-08
5346,1928,55632.0,24,2318.0,C,1998-12-06
5350,1967,249312.0,48,5194.0,C,1996-04-21
5351,1978,205200.0,36,5700.0,A,1994-12-04
5352,1993,68400.0,12,5700.0,B,1995-04-15
5354,2000,290820.0,60,4847.0,C,1998-07-14
5358,2018,38520.0,12,3210.0,A,1997-01-21
5360,2035,176328.0,36,4898.0,C,1998-01-25
5363,2051,293880.0,60,4898.0,D,1997-04-22
5365,2055,271260.0,60,4521.0,C,1998-07-19
5366,2062,86184.0,12,7182.0,A,1996-10-29
5367,2064,83628.0,36,2323.0,C,1997-08-26
5368,2073,44640.0,24,1860.0,C,1998-10-05
5369,2080,214596.0,36,5961.0,C,1997-09-12
5375,2106,101520.0,12,8460.0,A,1996-10-03
5377,2116,92400.0,12,7700.0,A,1997-08-04
5382,2134,22932.0,36,637.0,C,1997-03-17
5384,2142,23328.0,12,1944.0,C,1998-03-07
5385,2143,71460.0,36,1985.0,C,1996-09-09
5388,2153,61560.0,12,5130.0,A,1996-11-28
5389,2165,78600.0,24,3275.0,C,1997-08-22
5390,2167,170256.0,24,7094.0,A,1994-10-30
5395,2176,299088.0,36,8308.0,B,1994-07-30
5398,2187,53472.0,12,4456.0,A,1997-11-04
5409,2218,182040.0,60,3034.0,C,1995-11-18
5413,2227,92976.0,24,3874.0,A,1995-12-12
5414,2228,185952.0,48,3874.0,C,1995-03-29
5415,2236,139464.0,36,3874.0,D,1996-09-26
5418,2245,347952.0,48,7249.0,C,1995-01-16
5419,2246,415800.0,60,6930.0,C,1997-02-05
5420,2247,72504.0,24,3021.0,C,1997-02-24
5428,2262,230220.0,36,6395.0,C,1998-12-02
5429,2268,20196.0,36,561.0,C,1996-07-18
5435,2279,314688.0,48,6556.0,C,1998-06-01
5445,2322,46320.0,24,1930.0,A,1996-06-29
5446,2334,48312.0,24,2013.0,C,1997-08-04
5447,2335,541200.0,60,9020.0,D,1997-11-12
5449,2343,99336.0,24,4139.0,A,1995-11-04
5450,2345,199680.0,60,3328.0,C,1994-12-11
5451,2350,159744.0,48,3328.0,C,1997-05-11
5452,2352,49440.0,60,824.0,C,1996-04-29
5453,2361,156672.0,36,4352.0,A,1995-04-01
5463,2413,17952.0,12,1496.0,C,1998-10-06
5464,2419,95808.0,12,7984.0,A,1995-01-30
5469,2445,293160.0,60,4886.0,C,1997-12-26
5470,2456,200976.0,48,4187.0,C,1996-04-15
5479,2486,24516.0,12,2043.0,A,1994-01-10
5482,2496,165120.0,60,2752.0,C,1996-01-12
5486,2516,466608.0,48,9721.0,C,1997-06-13
5491,2545,428784.0,48,8933.0,C,1998-02-13
5494,2572,360000.0,48,7500.0,C,1996-06-13
5495,2580,89340.0,60,1489.0,C,1996-08-02
5501,2622,136344.0,24,5681.0,C,1998-05-21
5519,2694,91632.0,12,7636.0,A,1994-03-08
5520,2699,231168.0,48,4816.0,C,1998-08-30
5523,2705,93888.0,36,2608.0,A,1993-12-08
5525,2720,93888.0,36,2608.0,C,1998-04-27
5526,2725,69624.0,36,1934.0,C,1998-11-08
5527,2728,156420.0,60,2607.0,C,1998-06-15
5531,2753,66432.0,24,2768.0,C,1997-09-30
5532,2754,335280.0,48,6985.0,C,1997-05-04
5533,2762,111384.0,24,4641.0,A,1994-07-05
5549,2824,50460.0,60,841.0,C,1994-07-16
5556,2872,268320.0,60,4472.0,C,1997-05-19
5561,2910,437460.0,60,7291.0,C,1998-08-29
5563,2912,380160.0,60,6336.0,C,1996-02-29
5568,2933,272520.0,60,4542.0,C,1994-05-17
5569,2936,504000.0,60,8400.0,C,1998-01-20
5576,2962,31248.0,12,2604.0,A,1994-12-21
5582,2982,41256.0,12,3438.0,C,1998-04-17
5584,2986,24792.0,24,1033.0,C,1997-12-06
5585,2988,88608.0,12,7384.0,C,1998-07-08
5586,2994,48744.0,36,1354.0,C,1996-09-14
5589,3005,390000.0,48,8125.0,C,1998-06-05
5591,3021,155616.0,48,3242.0,C,1996-12-04
5593,3037,277884.0,36,7719.0,D,1996-04-18
5595,3050,82896.0,12,6908.0,A,1994-09-02
5599,3064,15420.0,12,1285.0,A,1995-03-21
5606,3084,253512.0,36,7042.0,D,1996-08-28
5610,3112,123216.0,48,2567.0,C,1996-02-24
5611,3115,321180.0,60,5353.0,C,1996-11-15
5614,3137,253560.0,60,4226.0,C,1998-09-21
5616,3143,130896.0,24,5454.0,C,1998-05-15
5620,3161,30012.0,12,2501.0,C,1998-06-16
5624,3166,177744.0,48,3703.0,D,1995-01-03
5625,3189,222180.0,60,3703.0,D,1996-12-15
5634,3229,39024.0,12,3252.0,A,1997-05-01
5635,3230,77184.0,36,2144.0,C,1996-10-04
5638,3249,68124.0,12,5677.0,A,1997-08-27
5643,3273,94512.0,12,7876.0,B,1997-09-21
5644,3293,276084.0,36,7669.0,C,1998-11-27
5651,3329,19248.0,12,1604.0,A,1997-12-08
5656,3353,146064.0,24,6086.0,C,1997-02-09
5657,3354,4980.0,12,415.0,A,1994-07-05
5665,3390,40632.0,12,3386.0,C,1998-03-11
5669,3403,71820.0,36,1995.0,C,1998-06-27
5674,3418,207264.0,48,4318.0,C,1997-06-10
5681,3448,68664.0,24,2861.0,C,1997-10-20
5682,3455,67464.0,12,5622.0,A,1997-03-07
5683,3460,140688.0,48,2931.0,C,1998-05-29
5693,3489,44088.0,24,1837.0,A,1995-08-01
5698,3556,174840.0,60,2914.0,C,1998-09-22
5699,3562,174960.0,24,7290.0,C,1998-05-24
5706,3608,161496.0,36,4486.0,C,1996-05-24
5713,3629,158760.0,60,2646.0,C,1995-05-30
5718,3637,14028.0,12,1169.0,A,1997-09-01
5719,3664,271584.0,48,5658.0,C,1997-09-20
5723,3674,23628.0,12,1969.0,A,1994-09-10
5724,3678,316140.0,60,5269.0,D,1995-02-05
5725,3679,444864.0,48,9268.0,C,1996-07-23
5731,3711,460980.0,60,7683.0,D,1997-11-05
5739,3747,76380.0,12,6365.0,A,1995-01-02
5740,3752,18564.0,12,1547.0,A,1995-04-02
5741,3754,68544.0,24,2856.0,A,1996-11-03
5750,3804,63252.0,12,5271.0,A,1996-02-08
5754,3834,23052.0,12,1921.0,A,1994-09-28
5758,3859,307200.0,60,5120.0,D,1997-05-02
5760,3862,74916.0,36,2081.0,C,1998-09-18
5765,3875,153936.0,24,6414.0,C,1998-02-10
5772,3906,334620.0,60,5577.0,C,1998-03-08
5773,3907,133848.0,24,5577.0,C,1998-03-16
5774,3916,96984.0,36,2694.0,C,1998-07-12
5779,3942,107352.0,36,2982.0,C,1997-10-14
5782,3953,63576.0,12,5298.0,C,1998-01-04
5784,3967,84600.0,36,2350.0,D,1997-03-29
5790,4033,84288.0,48,1756.0,C,1997-03-20
5799,4052,106128.0,36,2948.0,C,1997-12-28
5804,4079,158976.0,48,3312.0,C,1995-04-05
5805,4081,137904.0,24,5746.0,B,1995-11-28
5808,4099,41856.0,48,872.0,C,1997-07-31
5815,4116,151200.0,36,4200.0,C,1998-06-03
5817,4127,100800.0,24,4200.0,D,1997-08-15
5823,4144,212976.0,36,5916.0,C,1998-06-21
5830,4190,405780.0,60,6763.0,C,1997-08-28
5836,4259,79632.0,24,3318.0,A,1994-08-27
5837,4260,244560.0,60,4076.0,C,1994-06-29
5841,4268,41988.0,12,3499.0,C,1998-11-04
5850,4293,164196.0,36,4561.0,C,1997-05-22
5856,4320,51360.0,12,4280.0,B,1997-08-09
5861,4337,51408.0,24,2142.0,A,1994-12-08
5862,4342,100128.0,24,4172.0,C,1997-12-09
5865,4354,327660.0,60,5461.0,C,1998-10-30
5868,4361,90156.0,12,7513.0,A,1997-03-29
5876,4413,221280.0,48,4610.0,C,1995-02-08
5877,4414,97224.0,24,4051.0,A,1995-02-23
5878,4415,74040.0,12,6170.0,A,1997-04-01
5880,4423,73836.0,36,2051.0,A,1995-10-31
5882,4427,87816.0,12,7318.0,A,1994-09-26
5886,4447,192744.0,36,5354.0,C,1996-10-31
5887,4448,192744.0,36,5354.0,A,1994-10-03
5889,4456,321240.0,60,5354.0,C,1998-02-09
5892,4462,66480.0,24,2770.0,B,1996-05-14
5893,4467,86184.0,36,2394.0,C,1998-08-03
5895,4473,93960.0,60,1566.0,C,1997-01-03
5897,4476,15192.0,24,633.0,A,1996-09-25
5900,4503,135360.0,48,2820.0,C,1996-01-01
5906,4533,81144.0,36,2254.0,C,1998-05-05
5909,4550,61320.0,60,1022.0,C,1998-01-03
5918,4576,300204.0,36,8339.0,A,1994-06-04
5922,4580,20220.0,12,1685.0,A,1995-08-05
5923,4585,64656.0,48,1347.0,C,1996-10-10
5930,4616,66696.0,24,2779.0,C,1998-01-12
5931,4618,66696.0,24,2779.0,D,1997-03-17
5932,4626,33348.0,12,2779.0,A,1997-06-18
5933,4631,87528.0,24,3647.0,C,1997-12-13
5938,4650,402000.0,60,6700.0,C,1996-08-25
5940,4660,106944.0,24,4456.0,C,1997-05-28
5942,4681,162624.0,48,3388.0,C,1997-03-15
5953,4715,97176.0,24,4049.0,C,1997-03-14
5956,4725,168264.0,36,4674.0,C,1997-11-04
5959,4727,107640.0,24,4485.0,A,1995-08-11
5963,4746,204780.0,60,3413.0,C,1997-09-07
5970,4774,465072.0,48,9689.0,C,1995-07-09
5973,4784,219456.0,48,4572.0,C,1997-11-24
5976,4794,465504.0,48,9698.0,D,1997-12-27
5977,4803,59136.0,48,1232.0,C,1997-02-25
5980,4825,21396.0,12,1783.0,A,1995-08-18
5988,4851,141648.0,24,5902.0,A,1996-08-22
5989,4852,213300.0,36,5925.0,C,1996-03-04
5991,4858,335184.0,48,6983.0,D,1998-07-27
5992,4863,76080.0,12,6340.0,A,1997-03-18
5997,4894,117024.0,24,4876.0,A,1993-11-04
5999,4907,98832.0,48,2059.0,C,1996-01-03
6004,4937,143904.0,24,5996.0,A,1994-07-23
6006,4948,359760.0,60,5996.0,C,1996-11-15
6007,4949,289920.0,48,6040.0,C,1997-08-30
6010,4969,150180.0,60,2503.0,C,1997-03-06
6011,4981,179328.0,48,3736.0,C,1996-11-28
6012,4994,258444.0,36,7179.0,C,1996-08-03
6013,4995,128988.0,36,3583.0,D,1996-02-03
6014,4999,165168.0,36,4588.0,C,1997-05-18
6015,5001,110112.0,24,4588.0,A,1996-11-09
6019,5033,11400.0,12,950.0,A,1996-07-25
6027,5066,61656.0,24,2569.0,B,1996-02-10
6028,5072,317520.0,60,5292.0,C,1997-02-09
6037,5118,53232.0,48,1109.0,C,1997-05-04
6038,5120,323472.0,48,6739.0,A,1994-08-10
6043,5126,20352.0,48,424.0,C,1996-01-11
6044,5133,57060.0,12,4755.0,C,1998-01-27
6052,5164,22356.0,36,621.0,C,1998-03-23
6054,5180,58764.0,12,4897.0,C,1998-07-16
6055,5181,399120.0,60,6652.0,C,1997-04-28
6059,5196,79824.0,12,6652.0,A,1997-12-28
6063,5213,320976.0,48,6687.0,D,1996-04-25
6064,5215,14628.0,12,1219.0,A,1994-08-04
6066,5228,173808.0,24,7242.0,A,1994-07-11
6072,5256,193968.0,36,5388.0,A,1994-05-10
6073,5263,276300.0,60,4605.0,C,1996-11-12
6075,5267,129312.0,24,5388.0,D,1997-11-26
6076,5269,117420.0,60,1957.0,C,1997-02-02
6077,5270,79608.0,24,3317.0,A,1993-11-22
6078,5283,170832.0,48,3559.0,C,1998-09-09
6083,5305,240528.0,48,5011.0,C,1998-03-31
6087,5313,300660.0,60,5011.0,C,1994-02-27
6088,5317,90180.0,36,2505.0,C,1997-03-07
6095,5358,68340.0,60,1139.0,C,1997-01-24
6097,5362,202848.0,48,4226.0,C,1997-08-21
6103,5385,149340.0,60,2489.0,C,1994-04-07
6104,5395,158184.0,36,4394.0,C,1997-09-05
6109,5422,368880.0,60,6148.0,C,1996-06-03
6111,5428,174744.0,24,7281.0,B,1993-09-24
6112,5442,174744.0,24,7281.0,B,1994-06-17
6113,5445,78696.0,36,2186.0,C,1997-10-01
6118,5477,349392.0,48,7279.0,C,1997-10-04
6120,5481,209184.0,48,4358.0,A,1994-09-11
6130,5541,32640.0,48,680.0,C,1996-07-18
6136,5572,140880.0,60,2348.0,C,1998-04-19
6137,5574,44628.0,12,3719.0,A,1996-04-10
6142,5591,221880.0,60,3698.0,C,1997-01-21
6144,5593,44376.0,12,3698.0,A,1996-08-09
6147,5602,177504.0,48,3698.0,C,1997-12-28
6150,5622,83016.0,12,6918.0,A,1994-11-02
6151,5628,225420.0,60,3757.0,C,1995-04-25
6153,5632,285600.0,60,4760.0,C,1995-07-25
6157,5650,98592.0,24,4108.0,A,1995-07-10
6168,5698,99216.0,36,2756.0,C,1998-11-21
6169,5700,103680.0,60,1728.0,D,1995-03-16
6173,5724,232560.0,48,4845.0,C,1997-01-08
6175,5735,290700.0,60,4845.0,D,1996-02-21
6178,5742,232560.0,48,4845.0,C,1995-12-16
6185,5774,31176.0,24,1299.0,A,1995-11-28
6190,5794,123600.0,60,2060.0,C,1996-05-06
6196,5837,177804.0,36,4939.0,C,1997-09-14
6202,5891,65184.0,12,5432.0,A,1994-04-18
6207,5912,184620.0,60,3077.0,C,1998-06-23
6210,5927,87216.0,48,1817.0,B,1994-06-06
6215,5944,78720.0,48,1640.0,C,1998-06-18
6216,5952,141240.0,24,5885.0,A,1994-09-30
6223,5991,61056.0,48,1272.0,A,1994-11-03
6227,6030,28248.0,24,1177.0,A,1995-03-04
6228,6034,464520.0,60,7742.0,B,1993-12-01
6229,6040,11736.0,24,489.0,A,1994-10-02
6232,6051,276660.0,36,7685.0,B,1994-07-08
6234,6061,5148.0,12,429.0,C,1998-05-28
6235,6062,321360.0,60,5356.0,C,1998-04-19
6237,6075,407952.0,48,8499.0,D,1998-01-06
6239,6083,360864.0,48,7518.0,D,1997-09-28
6242,6097,26208.0,36,728.0,C,1997-10-22
6244,6118,270648.0,36,7518.0,B,1995-01-08
6249,6138,67608.0,24,2817.0,C,1997-07-30
6253,6148,59760.0,24,2490.0,A,1994-11-04
6254,6157,247920.0,48,5165.0,C,1997-12-28
6255,6158,247920.0,48,5165.0,D,1997-02-08
6272,6226,398640.0,60,6644.0,C,1994-12-20
6278,6265,87360.0,24,3640.0,C,1997-06-10
6279,6273,87360.0,24,3640.0,A,1994-06-07
6283,6289,85632.0,48,1784.0,C,1996-08-11
6294,6353,79920.0,60,1332.0,C,1995-02-12
6296,6358,270384.0,48,5633.0,C,1996-08-06
6297,6363,17508.0,12,1459.0,A,1994-10-25
6302,6397,181020.0,60,3017.0,C,1996-09-16
6303,6400,72408.0,24,3017.0,B,1996-02-12
6306,6425,36684.0,12,3057.0,A,1994-12-20
6309,6434,110136.0,24,4589.0,A,1996-11-11
6310,6440,34572.0,12,2881.0,A,1997-06-17
6312,6453,10944.0,36,304.0,C,1998-05-17
6313,6461,150912.0,36,4192.0,C,1997-06-15
6315,6472,43164.0,12,3597.0,A,1995-02-06
6316,6473,76908.0,12,6409.0,B,1994-05-26
6320,6495,104964.0,12,8747.0,C,1998-04-28
6321,6505,38496.0,12,3208.0,C,1998-10-08
6322,6510,76992.0,24,3208.0,C,1997-05-06
6336,6555,212400.0,36,5900.0,A,1994-03-31
6338,6592,390660.0,60,6511.0,C,1997-08-24
6342,6609,60156.0,36,1671.0,B,1995-11-12
6346,6649,100260.0,60,1671.0,C,1997-05-22
6350,6678,294384.0,48,6133.0,C,1997-07-09
6353,6686,116496.0,24,4854.0,C,1997-12-25
6354,6688,22968.0,36,638.0,C,1996-10-23
6355,6699,127200.0,48,2650.0,C,1997-09-24
6356,6701,95400.0,36,2650.0,A,1993-12-08
6357,6706,64860.0,60,1081.0,C,1998-07-12
6358,6715,137880.0,60,2298.0,D,1995-01-14
6362,6738,37908.0,12,3159.0,A,1995-10-31
6377,6792,17184.0,12,1432.0,A,1997-03-17
6386,6856,124344.0,36,3454.0,C,1997-04-30
6399,6902,49320.0,36,1370.0,C,1997-12-21
6402,6922,139488.0,24,5812.0,C,1998-12-06
6403,6924,194880.0,48,4060.0,C,1995-12-05
6407,6930,25944.0,24,1081.0,A,1994-05-26
6415,6950,475680.0,48,9910.0,C,1997-02-12
6421,6985,96768.0,36,2688.0,C,1996-07-25
6435,7045,288720.0,48,6015.0,C,1997-06-16
6436,7049,495180.0,60,8253.0,C,1998-05-22
6437,7052,63972.0,36,1777.0,D,1997-11-09
6442,7082,194160.0,48,4045.0,C,1998-02-08
6450,7099,234336.0,48,4882.0,C,1998-06-10
6456,7123,47016.0,12,3918.0,A,1993-12-09
6460,7133,48672.0,36,1352.0,A,1994-11-06
6461,7136,74124.0,36,2059.0,C,1996-09-19
6464,7156,49488.0,24,2062.0,C,1998-04-16
6468,7176,203940.0,60,3399.0,C,1997-11-30
6469,7180,99744.0,24,4156.0,C,1998-11-17
6470,7181,49872.0,12,4156.0,C,1998-05-17
6471,7184,155640.0,24,6485.0,A,1996-08-04
6474,7190,63360.0,60,1056.0,C,1995-06-06
6486,7240,152160.0,60,2536.0,C,1998-01-15
6490,7262,73260.0,60,1221.0,C,1997-02-10
6495,7274,49044.0,12,4087.0,C,1998-03-12
6499,7401,80952.0,24,3373.0,A,1994-01-05
6501,7418,30276.0,12,2523.0,B,1996-04-29
6502,7424,30276.0,12,2523.0,A,1997-12-08
6508,7437,110736.0,48,2307.0,C,1998-04-19
6509,7445,55368.0,24,2307.0,A,1994-03-15
6512,7454,63312.0,48,1319.0,A,1994-05-26
6520,7485,91200.0,24,3800.0,A,1994-03-16
6526,7523,288468.0,36,8013.0,A,1995-01-03
6534,7542,590820.0,60,9847.0,C,1997-10-19
6535,7546,41952.0,12,3496.0,A,1995-11-02
6539,7559,12792.0,12,1066.0,C,1998-07-11
6540,7562,309600.0,48,6450.0,C,1995-12-31
6541,7565,153504.0,48,3198.0,C,1997-08-17
6544,7594,130464.0,48,2718.0,C,1997-12-11
6545,7606,191880.0,60,3198.0,C,1995-12-12
6546,7607,31728.0,24,1322.0,A,1995-03-27
6550,7614,320592.0,48,6679.0,C,1996-05-18
6552,7632,170448.0,48,3551.0,C,1998-01-08
6553,7636,42384.0,12,3532.0,C,1998-01-26
6554,7637,390096.0,48,8127.0,C,1997-01-29
6562,7674,94488.0,24,3937.0,C,1997-03-21
6568,7713,220440.0,60,3674.0,C,1998-02-25
6569,7721,45456.0,12,3788.0,C,1998-05-28
6571,7733,140064.0,24,5836.0,C,1998-05-12
6574,7745,77544.0,36,2154.0,C,1997-12-20
6577,7753,51696.0,24,2154.0,A,1994-03-11
6578,7765,27984.0,12,2332.0,A,1995-12-11
6580,7769,196080.0,48,4085.0,A,1994-05-22
6585,7795,372120.0,60,6202.0,C,1996-10-29
6589,7815,189696.0,24,7904.0,A,1996-01-01
6591,7819,20832.0,48,434.0,C,1995-02-02
6594,7824,189696.0,24,7904.0,B,1994-09-28
6596,7844,91584.0,24,3816.0,A,1994-06-25
6598,7857,68112.0,12,5676.0,A,1995-01-18
6599,7859,72120.0,12,6010.0,A,1996-11-19
6600,7861,21852.0,36,607.0,A,1995-10-08
6605,7890,79344.0,48,1653.0,C,1997-10-14
6607,7894,153144.0,36,4254.0,C,1997-10-21
6612,7907,97392.0,12,8116.0,A,1997-08-31
6613,7926,84120.0,24,3505.0,A,1996-09-22
6621,7957,42900.0,12,3575.0,A,1997-06-14
6624,7965,71460.0,12,5955.0,A,1994-09-30
6625,7966,473280.0,60,7888.0,D,1997-09-07
6632,7990,144960.0,48,3020.0,C,1998-04-23
6633,7997,160656.0,24,6694.0,C,1998-02-05
6641,8026,128268.0,36,3563.0,C,1997-09-09
6642,8027,77640.0,12,6470.0,A,1994-06-05
6643,8038,35856.0,24,1494.0,C,1998-01-18
6644,8039,93600.0,24,3900.0,A,1996-10-20
6645,8041,140400.0,36,3900.0,A,1994-11-06
6647,8051,208320.0,48,4340.0,A,1994-06-01
6650,8073,49320.0,12,4110.0,B,1994-02-17
6655,8085,260400.0,60,4340.0,D,1997-10-17
6659,8092,56100.0,60,935.0,C,1996-02-20
6660,8094,220428.0,36,6123.0,C,1997-05-09
6665,8114,99300.0,60,1655.0,C,1997-08-15
6667,8127,155880.0,24,6495.0,A,1996-07-15
6668,8129,74736.0,36,2076.0,A,1994-07-30
6675,8158,238716.0,36,6631.0,C,1997-11-01
6676,8159,29784.0,24,1241.0,A,1995-06-13
6677,8169,97980.0,60,1633.0,C,1997-08-12
6678,8173,80340.0,12,6695.0,A,1994-05-20
6682,8225,36204.0,12,3017.0,D,1998-03-30
6686,8260,224604.0,36,6239.0,A,1994-08-25
6687,8261,87840.0,24,3660.0,A,1993-09-13
6688,8268,8616.0,24,359.0,C,1997-09-26
6694,8316,134784.0,24,5616.0,A,1995-03-19
6695,8320,309660.0,60,5161.0,C,1997-06-04
6696,8321,89040.0,60,1484.0,C,1994-05-09
6698,8327,247728.0,48,5161.0,C,1996-03-10
6699,8330,7656.0,24,319.0,A,1994-03-30
6704,8377,417060.0,60,6951.0,C,1995-06-01
6705,8381,333648.0,48,6951.0,D,1997-07-25
6712,8405,266220.0,60,4437.0,C,1995-10-14
6715,8411,220620.0,60,3677.0,C,1996-05-06
6721,8475,21072.0,24,878.0,A,1994-01-21
6725,8489,265320.0,36,7370.0,A,1995-06-23
6726,8492,85860.0,60,1431.0,C,1995-09-03
6727,8505,42840.0,12,3570.0,A,1997-12-10
6729,8519,74688.0,12,6224.0,A,1994-08-11
6730,8523,93036.0,12,7753.0,C,1998-02-15
6732,8533,174048.0,48,3626.0,C,1996-09-19
6734,8547,173016.0,36,4806.0,C,1996-05-30
6736,8558,288360.0,60,4806.0,C,1994-06-14
6737,8564,76680.0,24,3195.0,A,1995-03-11
6738,8566,230220.0,36,6395.0,B,1994-09-29
6745,8625,47304.0,24,1971.0,A,1995-04-10
6746,8639,185640.0,60,3094.0,C,1998-06-06
6748,8645,240900.0,60,4015.0,C,1998-12-08
6751,8680,85716.0,36,2381.0,C,1996-07-14
6753,8688,67980.0,12,5665.0,A,1997-03-20
6755,8713,170700.0,60,2845.0,C,1998-07-24
6758,8742,33144.0,12,2762.0,A,1997-07-29
6763,8772,88272.0,48,1839.0,C,1997-06-19
6764,8776,33984.0,48,708.0,C,1995-08-26
6766,8784,74352.0,24,3098.0,C,1998-04-28
6785,8899,125340.0,60,2089.0,C,1995-12-25
6790,8919,76104.0,24,3171.0,C,1998-06-08
6791,8926,566640.0,60,9444.0,C,1998-01-23
6793,8931,186300.0,60,3105.0,C,1997-01-30
6805,8972,45024.0,48,938.0,C,1996-12-21
6808,8982,227880.0,36,6330.0,A,1994-10-12
6810,9006,186384.0,48,3883.0,C,1996-06-08
6816,9017,100224.0,48,2088.0,D,1996-03-26
6817,9024,70656.0,48,1472.0,C,1996-10-04
6818,9030,155616.0,48,3242.0,C,1996-12-12
6819,9031,50112.0,24,2088.0,C,1997-05-03
6820,9034,38148.0,12,3179.0,A,1993-12-16
6821,9037,321936.0,48,6707.0,C,1998-09-15
6824,9052,71976.0,24,2999.0,D,1997-02-26
6836,9093,189300.0,60,3155.0,C,1994-08-03
6841,9104,172080.0,48,3585.0,A,1994-08-07
6851,9138,272220.0,60,4537.0,D,1997-06-03
6852,9140,16032.0,48,334.0,C,1998-11-10
6855,9153,52236.0,36,1451.0,C,1998-03-01
6856,9156,163332.0,36,4537.0,C,1998-12-01
6857,9159,69600.0,48,1450.0,C,1998-06-08
6859,9167,272220.0,60,4537.0,C,1998-03-07
6861,9179,215040.0,60,3584.0,C,1998-02-28
6863,9188,127080.0,60,2118.0,A,1993-07-28
6865,9199,29448.0,12,2454.0,B,1996-09-11
6866,9201,122472.0,24,5103.0,C,1998-02-05
6868,9208,82128.0,24,3422.0,C,1998-10-12
6871,9225,164256.0,48,3422.0,C,1997-04-13
6872,9227,191580.0,60,3193.0,C,1998-04-29
6875,9235,83280.0,48,1735.0,C,1997-03-13
6876,9236,86616.0,12,7218.0,A,1993-12-21
6877,9241,285240.0,60,4754.0,C,1997-06-19
6878,9242,23184.0,12,1932.0,A,1997-01-24
6887,9263,39576.0,12,3298.0,A,1997-05-08
6888,9265,39576.0,12,3298.0,A,1994-07-11
6895,9307,41904.0,12,3492.0,A,1994-09-19
6903,9337,52128.0,24,2172.0,A,1994-06-04
6908,9353,188616.0,24,7859.0,C,1997-06-08
6913,9377,99936.0,24,4164.0,C,1997-04-29
6919,9403,120888.0,36,3358.0,A,1994-08-05
6921,9422,86184.0,12,7182.0,A,1996-10-29
6922,9424,83628.0,36,2323.0,C,1997-08-26
6923,9433,44640.0,24,1860.0,C,1998-10-05
6926,9455,374760.0,60,6246.0,C,1998-02-07
6929,9472,36396.0,12,3033.0,A,1995-05-08
6932,9491,225504.0,48,4698.0,C,1998-06-25
6933,9493,188688.0,48,3931.0,C,1995-09-09
6934,9494,116832.0,12,9736.0,A,1997-02-09
6938,9504,341280.0,60,5688.0,C,1997-03-10
6940,9510,228276.0,36,6341.0,C,1996-11-22
6942,9513,18324.0,12,1527.0,A,1997-07-16
6944,9548,46176.0,48,962.0,C,1996-11-15
6948,9560,157068.0,36,4363.0,C,1998-03-15
6949,9583,104712.0,24,4363.0,A,1995-12-12
6950,9591,104712.0,24,4363.0,A,1995-04-11
6955,9627,244368.0,48,5091.0,C,1995-11-22
6956,9631,59448.0,24,2477.0,C,1997-11-09
6959,9633,59448.0,24,2477.0,D,1997-06-30
6960,9640,76416.0,24,3184.0,A,1995-01-11
6961,9645,176148.0,36,4893.0,C,1996-06-06
6962,9646,279072.0,48,5814.0,C,1998-04-02
6965,9656,139536.0,24,5814.0,A,1995-06-13
6969,9673,88200.0,36,2450.0,C,1998-09-12
6970,9677,31620.0,60,527.0,C,1997-06-17
6984,9730,116040.0,60,1934.0,C,1997-08-15
6985,9731,113796.0,36,3161.0,A,1995-11-22
6986,9750,151728.0,48,3161.0,D,1995-02-11
6992,9790,133968.0,48,2791.0,C,1996-07-27
6995,9814,96168.0,12,8014.0,A,1996-09-26
6996,9828,126600.0,24,5275.0,A,1995-04-13
6998,9833,97632.0,12,8136.0,A,1994-05-21
7001,9859,300600.0,60,5010.0,C,1997-08-10
7004,9869,331560.0,60,5526.0,C,1995-03-15
7008,9897,36168.0,12,3014.0,A,1995-09-22
7013,9928,89340.0,60,1489.0,C,1996-08-02
7034,10001,19044.0,36,529.0,C,1996-07-11
7035,10005,210744.0,36,5854.0,C,1998-07-29
7036,10019,194940.0,36,5415.0,C,1996-09-25
7037,10022,218064.0,48,4543.0,C,1998-01-03
7046,10049,91632.0,12,7636.0,A,1997-03-28
7049,10063,233424.0,36,6484.0,C,1997-06-24
7050,10065,311232.0,48,6484.0,C,1997-09-23
7051,10068,77808.0,12,6484.0,A,1997-07-28
7055,10079,167100.0,60,2785.0,C,1994-04-06
7057,10093,231696.0,36,6436.0,A,1995-10-20
7061,10105,121896.0,24,5079.0,A,1994-08-27
7066,10131,215388.0,36,5983.0,B,1994-05-02
7067,10134,136368.0,24,5682.0,C,1998-01-11
7072,10148,22104.0,12,1842.0,C,1998-01-27
7085,10202,305424.0,48,6363.0,C,1997-06-19
7087,10215,44304.0,24,1846.0,C,1997-02-20
7088,10233,239160.0,60,3986.0,C,1997-05-03
7091,10243,113436.0,36,3151.0,C,1998-09-22
7096,10257,37812.0,12,3151.0,C,1998-09-02
7097,10266,75624.0,24,3151.0,B,1993-12-23
7100,10280,348120.0,60,5802.0,C,1997-12-31
7101,10297,421008.0,48,8771.0,C,1996-11-18
7104,10320,259740.0,60,4329.0,A,1993-12-13
7110,10345,31260.0,12,2605.0,C,1998-01-21
7115,10351,88704.0,48,1848.0,C,1997-03-04
7119,10361,86880.0,12,7240.0,A,1997-06-02
7121,10364,21924.0,36,609.0,A,1993-11-10
7122,10365,260640.0,36,7240.0,D,1997-01-04
7129,10404,194280.0,60,3238.0,C,1998-03-01
7130,10411,123408.0,24,5142.0,A,1996-12-11
7136,10436,54396.0,36,1511.0,C,1996-09-28
7137,10439,151560.0,24,6315.0,A,1994-06-03
7138,10440,60000.0,60,1000.0,C,1995-07-03
7139,10445,23412.0,12,1951.0,C,1998-01-22
7142,10451,482940.0,60,8049.0,D,1994-12-19
7147,10478,267600.0,48,5575.0,C,1998-01-02
7151,10493,133800.0,24,5575.0,C,1998-02-18
7154,10520,417600.0,60,6960.0,C,1996-12-05
7164,10613,249792.0,48,5204.0,C,1998-08-15
7166,10630,198240.0,24,8260.0,A,1995-06-24
7167,10644,269964.0,36,7499.0,C,1998-06-18
7168,10645,208332.0,36,5787.0,C,1998-07-05
7171,10650,196224.0,48,4088.0,C,1998-02-24
7172,10652,45720.0,12,3810.0,C,1998-05-07
7176,10663,260028.0,36,7223.0,A,1995-10-28
7181,10679,197808.0,24,8242.0,C,1997-10-02
7187,10711,24180.0,60,403.0,C,1997-12-24
7189,10728,154656.0,48,3222.0,C,1996-03-21
7192,10738,115992.0,36,3222.0,A,1994-12-21
7194,10762,68832.0,36,1912.0,C,1996-09-17
7195,10774,339168.0,48,7066.0,C,1998-04-23
7198,10788,45768.0,12,3814.0,A,1994-08-23
7199,10789,45768.0,12,3814.0,A,1997-12-09
7200,10799,31140.0,60,519.0,C,1998-07-11
7201,10807,67464.0,12,5622.0,A,1997-03-07
7202,10812,140688.0,48,2931.0,C,1998-05-29
7209,10857,385560.0,60,6426.0,D,1997-11-30
7213,10884,113544.0,36,3154.0,C,1996-02-13
7219,10905,57120.0,48,1190.0,C,1997-08-23
7220,10911,131292.0,36,3647.0,A,1994-07-28
7221,10915,152460.0,60,2541.0,C,1998-06-11
7226,10940,197748.0,36,5493.0,A,1994-02-23
7227,10942,314520.0,60,5242.0,C,1995-10-02
7230,10954,18720.0,60,312.0,C,1997-04-02
7233,10963,115812.0,36,3217.0,C,1996-12-25
7235,10973,154416.0,48,3217.0,A,1993-10-13
7240,11013,274740.0,60,4579.0,A,1993-09-06
7241,11021,168984.0,24,7041.0,B,1995-03-04
7242,11027,48096.0,24,2004.0,C,1997-10-23
7243,11042,217152.0,36,6032.0,A,1995-12-04
7246,11054,148920.0,60,2482.0,C,1996-08-20
7249,11065,69360.0,48,1445.0,A,1994-06-12
7250,11069,119136.0,48,2482.0,C,1997-03-04
7253,11079,98304.0,12,8192.0,A,1997-04-26
7255,11096,213300.0,60,3555.0,C,1997-06-09
7259,11111,108144.0,36,3004.0,A,1994-01-31
7262,11135,182628.0,36,5073.0,A,1994-03-01
7263,11138,89880.0,24,3745.0,A,1996-01-19
7264,11141,44940.0,12,3745.0,A,1997-10-07
7271,11186,392460.0,60,6541.0,C,1996-10-02
7277,11231,89280.0,12,7440.0,A,1997-10-24
7279,11244,155760.0,24,6490.0,C,1997-12-11
7284,11265,52788.0,12,4399.0,A,1993-09-15
7286,11271,67320.0,36,1870.0,C,1997-01-31
7292,11317,317460.0,60,5291.0,C,1998-11-22
7294,11327,39168.0,24,1632.0,C,1998-09-27
7295,11328,280440.0,60,4674.0,C,1998-07-18
7304,11349,419880.0,60,6998.0,C,1995-10-29
7305,11359,54024.0,12,4502.0,A,1996-08-06
7308,11362,129408.0,24,5392.0,A,1996-12-27
